-- ===========================================
-- AgriFlow 시드 데이터
-- ===========================================
-- 주의: supabase_uid는 Supabase Auth에서 사용자를 먼저 생성한 뒤
-- 해당 UUID로 교체해야 합니다.

-- 테스트용 사용자
INSERT INTO users (id, supabase_uid, email, name, role, company_name, phone) VALUES
  ('a1000000-0000-0000-0000-000000000001', '11111111-1111-1111-1111-111111111111', 'seller1@test.com', '김철수', 'SELLER', '행복농산', '010-1234-5678'),
  ('a2000000-0000-0000-0000-000000000002', '22222222-2222-2222-2222-222222222222', 'seller2@test.com', '이영희', 'SELLER', '서울청과', '010-2345-6789'),
  ('b1000000-0000-0000-0000-000000000003', '33333333-3333-3333-3333-333333333333', 'buyer1@test.com',  '박민준', 'BUYER',  'A마트',     '010-3456-7890'),
  ('b2000000-0000-0000-0000-000000000004', '44444444-4444-4444-4444-444444444444', 'buyer2@test.com',  '최지수', 'BUYER',  '강남식자재', '010-4567-8901');

-- 상품 샘플 (seller1 = 김철수 / 행복농산)
INSERT INTO products (seller_id, name, category, origin, spec, unit, price_per_unit, stock_quantity, status) VALUES
  ('a1000000-0000-0000-0000-000000000001', '사과',  'FRUIT',     '경북 청송', '특',   'box', 45000, 120, 'NORMAL'),
  ('a1000000-0000-0000-0000-000000000001', '양파',  'VEGETABLE', '전남 무안', '상',   'kg',    800, 500, 'NORMAL'),
  ('a1000000-0000-0000-0000-000000000001', '감자',  'VEGETABLE', '강원 평창', '상',   'kg',   1200,  30, 'LOW_STOCK');

-- 상품 샘플 (seller2 = 이영희 / 서울청과)
INSERT INTO products (seller_id, name, category, origin, spec, unit, price_per_unit, stock_quantity, status) VALUES
  ('a2000000-0000-0000-0000-000000000002', '딸기',  'FRUIT',     '경남 진주', '특',   'box', 38000,   0, 'OUT_OF_STOCK'),
  ('a2000000-0000-0000-0000-000000000002', '쌀',    'GRAIN',     '전북 익산', '일반', 'bag', 52000, 200, 'NORMAL');

-- 거래처 관계 (seller1 <-> buyer1)
INSERT INTO partners (user_id, partner_user_id, nickname, status, is_favorite) VALUES
  ('a1000000-0000-0000-0000-000000000001', 'b1000000-0000-0000-0000-000000000003', 'A마트 박사장님', 'ACTIVE', true),
  ('b1000000-0000-0000-0000-000000000003', 'a1000000-0000-0000-0000-000000000001', '행복농산 김사장님', 'ACTIVE', true);

-- 거래처 관계 (seller2 <-> buyer2)
INSERT INTO partners (user_id, partner_user_id, nickname, status) VALUES
  ('a2000000-0000-0000-0000-000000000002', 'b2000000-0000-0000-0000-000000000004', '강남식자재', 'ACTIVE'),
  ('b2000000-0000-0000-0000-000000000004', 'a2000000-0000-0000-0000-000000000002', '서울청과', 'ACTIVE');

-- 주문 샘플
INSERT INTO orders (id, order_number, buyer_id, seller_id, status, total_amount, delivery_date, notes) VALUES
  ('c1000000-0000-0000-0000-000000000001', 'ORD-20260315-001', 'b1000000-0000-0000-0000-000000000003', 'a1000000-0000-0000-0000-000000000001', 'CONFIRMED', 540000, '2026-03-22', '오전 배송 부탁드립니다'),
  ('c2000000-0000-0000-0000-000000000002', 'ORD-20260318-001', 'b2000000-0000-0000-0000-000000000004', 'a2000000-0000-0000-0000-000000000002', 'QUOTE_REQUESTED', NULL, '2026-03-25', NULL);

-- 주문 항목
INSERT INTO order_items (order_id, product_id, quantity, unit_price, subtotal, notes) VALUES
  ('c1000000-0000-0000-0000-000000000001', (SELECT id FROM products WHERE name = '사과' AND seller_id = 'a1000000-0000-0000-0000-000000000001'), 12, 45000, 540000, '특등급만 부탁드립니다');

-- 캘린더 일정
INSERT INTO calendar_events (user_id, order_id, title, event_type, event_date, description) VALUES
  ('a1000000-0000-0000-0000-000000000001', 'c1000000-0000-0000-0000-000000000001', 'A마트 사과 납품', 'SHIPMENT', '2026-03-22', '사과 12박스 출하'),
  ('b1000000-0000-0000-0000-000000000003', 'c1000000-0000-0000-0000-000000000001', '행복농산 사과 입고', 'DELIVERY', '2026-03-22', '사과 12박스 입고 예정'),
  ('a2000000-0000-0000-0000-000000000002', NULL, '진주 딸기 입고 예정', 'OTHER', '2026-03-28', '딸기 재고 보충 예정');

-- 채팅방
INSERT INTO chat_rooms (id, order_id, seller_id, buyer_id, last_message, last_message_at) VALUES
  ('d1000000-0000-0000-0000-000000000001', 'c1000000-0000-0000-0000-000000000001', 'a1000000-0000-0000-0000-000000000001', 'b1000000-0000-0000-0000-000000000003', '네, 오전 10시까지 배송하겠습니다.', '2026-03-20 14:30:00+09');

-- 채팅 메시지
INSERT INTO messages (room_id, sender_id, content, is_read) VALUES
  ('d1000000-0000-0000-0000-000000000001', 'b1000000-0000-0000-0000-000000000003', '안녕하세요, 22일 배송 시간 확인 가능할까요?', true),
  ('d1000000-0000-0000-0000-000000000001', 'a1000000-0000-0000-0000-000000000001', '네, 오전 10시까지 배송하겠습니다.', true);
